{
    "openssl_8": {
        "Simple": {
            "Micro Ops IPC": 2.2468125,
            "CISC IPC": 1.1483625,
            "I1 Hit Rate": 0.61859584,
            "L1 Hit Rate": 0.97957593,
            "L2 Hit Rate": 0.9419292,
            "L3 Hit Rate": 0.45153725
        },
        "Power4": {
            "Micro Ops IPC": 2.1918499999999996,
            "CISC IPC": 1.1204749999999999,
            "I1 Hit Rate": 0.6228707,
            "L1 Hit Rate": 0.9799118,
            "L2 Hit Rate": 0.94231135,
            "L3 Hit Rate": 0.40105236
        },
        "Bingo": {
            "Micro Ops IPC": 2.2285000000000004,
            "CISC IPC": 1.1388125000000002,
            "I1 Hit Rate": 0.62208176,
            "L1 Hit Rate": 0.97986573,
            "L2 Hit Rate": 0.94235015,
            "L3 Hit Rate": 0.37526384
        },
        "None": {
            "Micro Ops IPC": 2.2162875,
            "CISC IPC": 1.1323124999999998,
            "I1 Hit Rate": 0.6210674,
            "L1 Hit Rate": 0.97989166,
            "L2 Hit Rate": 0.942359,
            "L3 Hit Rate": 0.35469055
        }
    },
    "blender_8": {
        "Simple": {
            "Micro Ops IPC": 1.0857875,
            "CISC IPC": 0.6359999999999999,
            "I1 Hit Rate": 0.58094096,
            "L1 Hit Rate": 0.9428488,
            "L2 Hit Rate": 0.961477,
            "L3 Hit Rate": 0.39184028
        },
        "Power4": {
            "Micro Ops IPC": 1.078325,
            "CISC IPC": 0.6326875,
            "I1 Hit Rate": 0.5802708,
            "L1 Hit Rate": 0.9432355,
            "L2 Hit Rate": 0.9619809,
            "L3 Hit Rate": 0.39848977
        },
        "Bingo": {
            "Micro Ops IPC": 1.0800874999999999,
            "CISC IPC": 0.633325,
            "I1 Hit Rate": 0.58010507,
            "L1 Hit Rate": 0.94495887,
            "L2 Hit Rate": 0.962866,
            "L3 Hit Rate": 0.4248701
        },
        "None": {
            "Micro Ops IPC": 1.13645,
            "CISC IPC": 0.6664375000000001,
            "I1 Hit Rate": 0.5803024,
            "L1 Hit Rate": 0.94395524,
            "L2 Hit Rate": 0.9626994,
            "L3 Hit Rate": 0.30421767
        }
    },
    "gimp_8": {
        "Simple": {
            "Micro Ops IPC": 0.7349875000000001,
            "CISC IPC": 0.4006625,
            "I1 Hit Rate": 0.8244643,
            "L1 Hit Rate": 0.80492514,
            "L2 Hit Rate": 0.88793135,
            "L3 Hit Rate": 0.32862502
        },
        "Power4": {
            "Micro Ops IPC": 0.7409749999999999,
            "CISC IPC": 0.40415,
            "I1 Hit Rate": 0.82438207,
            "L1 Hit Rate": 0.7972997,
            "L2 Hit Rate": 0.8875417,
            "L3 Hit Rate": 0.38226998
        },
        "Bingo": {
            "Micro Ops IPC": 0.6264,
            "CISC IPC": 0.34281249999999996,
            "I1 Hit Rate": 0.8680996,
            "L1 Hit Rate": 0.83111584,
            "L2 Hit Rate": 0.89984643,
            "L3 Hit Rate": 0.49150294
        },
        "None": {
            "Micro Ops IPC": 0.8854124999999999,
            "CISC IPC": 0.4831875,
            "I1 Hit Rate": 0.81427747,
            "L1 Hit Rate": 0.7965378,
            "L2 Hit Rate": 0.88512415,
            "L3 Hit Rate": 0.22165307
        }
    },
    "numenta-nab_8": {
        "Simple": {
            "Micro Ops IPC": 0.9514750000000001,
            "CISC IPC": 0.5268875000000001,
            "I1 Hit Rate": 0.6251376,
            "L1 Hit Rate": 0.91590416,
            "L2 Hit Rate": 0.93655306,
            "L3 Hit Rate": 0.5132312
        },
        "Power4": {
            "Micro Ops IPC": 0.9677249999999998,
            "CISC IPC": 0.5360625,
            "I1 Hit Rate": 0.6246607,
            "L1 Hit Rate": 0.91530275,
            "L2 Hit Rate": 0.9371742,
            "L3 Hit Rate": 0.52632755
        },
        "Bingo": {
            "Micro Ops IPC": 1.0109000000000001,
            "CISC IPC": 0.5599875,
            "I1 Hit Rate": 0.6251087,
            "L1 Hit Rate": 0.91484064,
            "L2 Hit Rate": 0.936046,
            "L3 Hit Rate": 0.536794
        },
        "None": {
            "Micro Ops IPC": 1.1081375,
            "CISC IPC": 0.613425,
            "I1 Hit Rate": 0.6259381,
            "L1 Hit Rate": 0.9158453,
            "L2 Hit Rate": 0.9370359,
            "L3 Hit Rate": 0.44616637
        }
    },
    "compress-7zip_8": {},
    "xalancbmk": {
        "Simple": {
            "Micro Ops IPC": 0.4867,
            "CISC IPC": 0.0,
            "I1 Hit Rate": 0.14925373,
            "L1 Hit Rate": 0.7267471,
            "L2 Hit Rate": 0.39715025,
            "L3 Hit Rate": 0.16897577
        },
        "Power4": {
            "Micro Ops IPC": 0.4079,
            "CISC IPC": 0.0,
            "I1 Hit Rate": 0.18656716,
            "L1 Hit Rate": 0.72648364,
            "L2 Hit Rate": 0.4127256,
            "L3 Hit Rate": 0.21039356
        },
        "Bingo": {
            "Micro Ops IPC": 0.5114,
            "CISC IPC": 0.0,
            "I1 Hit Rate": 0.18656716,
            "L1 Hit Rate": 0.72708917,
            "L2 Hit Rate": 0.41049314,
            "L3 Hit Rate": 0.42570105
        },
        "None": {
            "Micro Ops IPC": 0.382,
            "CISC IPC": 0.0,
            "I1 Hit Rate": 0.18656716,
            "L1 Hit Rate": 0.7271119,
            "L2 Hit Rate": 0.41483057,
            "L3 Hit Rate": 0.0028985909
        }
    },
    "lbm": {
        "Simple": {
            "Micro Ops IPC": 1.7762,
            "CISC IPC": 0.0,
            "I1 Hit Rate": 0.4511628,
            "L1 Hit Rate": 0.75613266,
            "L2 Hit Rate": 0.8962243,
            "L3 Hit Rate": 0.31614843
        },
        "Power4": {
            "Micro Ops IPC": 2.045,
            "CISC IPC": 0.0,
            "I1 Hit Rate": 0.49302325,
            "L1 Hit Rate": 0.7671543,
            "L2 Hit Rate": 0.8980074,
            "L3 Hit Rate": 0.38300878
        },
        "Bingo": {
            "Micro Ops IPC": 2.3606,
            "CISC IPC": 0.0,
            "I1 Hit Rate": 0.53953487,
            "L1 Hit Rate": 0.7571059,
            "L2 Hit Rate": 0.89683175,
            "L3 Hit Rate": 0.84298766
        },
        "None": {
            "Micro Ops IPC": 1.6096,
            "CISC IPC": 0.0,
            "I1 Hit Rate": 0.53953487,
            "L1 Hit Rate": 0.7601935,
            "L2 Hit Rate": 0.8972824,
            "L3 Hit Rate": 0.0023011016
        }
    },
    "namd": {
        "Simple": {
            "Micro Ops IPC": 4.4704,
            "CISC IPC": 0.0,
            "I1 Hit Rate": 0.32456142,
            "L1 Hit Rate": 0.95048475,
            "L2 Hit Rate": 0.99578243,
            "L3 Hit Rate": 0.26083893
        },
        "Power4": {
            "Micro Ops IPC": 4.4307,
            "CISC IPC": 0.0,
            "I1 Hit Rate": 0.38070175,
            "L1 Hit Rate": 0.9505618,
            "L2 Hit Rate": 0.9958609,
            "L3 Hit Rate": 0.2836521
        },
        "Bingo": {
            "Micro Ops IPC": 4.3207,
            "CISC IPC": 0.0,
            "I1 Hit Rate": 0.36491227,
            "L1 Hit Rate": 0.95049524,
            "L2 Hit Rate": 0.9959454,
            "L3 Hit Rate": 0.003581662
        },
        "None": {
            "Micro Ops IPC": 4.3207,
            "CISC IPC": 0.0,
            "I1 Hit Rate": 0.36491227,
            "L1 Hit Rate": 0.95049524,
            "L2 Hit Rate": 0.9959454,
            "L3 Hit Rate": 0.003581662
        }
    },
    "gcc": {
        "Simple": {
            "Micro Ops IPC": 1.6103,
            "CISC IPC": 0.0,
            "I1 Hit Rate": 0.80589855,
            "L1 Hit Rate": 0.9471608,
            "L2 Hit Rate": 0.97913694,
            "L3 Hit Rate": 0.18965389
        },
        "Power4": {
            "Micro Ops IPC": 1.5619,
            "CISC IPC": 0.0,
            "I1 Hit Rate": 0.80658895,
            "L1 Hit Rate": 0.9475346,
            "L2 Hit Rate": 0.97933966,
            "L3 Hit Rate": 0.18847074
        },