{
    "openssl_8": {
        "Simple": {
            "Micro Ops IPC": 2.2498125,
            "CISC IPC": 1.1497125,
            "I1 Hit Rate": 0.6196407,
            "L1 Hit Rate": 0.97958034,
            "L2 Hit Rate": 0.94197726,
            "L3 Hit Rate": 0.4529387
        },
        "Power4": {
            "Micro Ops IPC": 2.1918499999999996,
            "CISC IPC": 1.1204749999999999,
            "I1 Hit Rate": 0.6228707,
            "L1 Hit Rate": 0.9799118,
            "L2 Hit Rate": 0.94231135,
            "L3 Hit Rate": 0.40105236
        },
        "Bingo": {
            "Micro Ops IPC": 2.199125,
            "CISC IPC": 1.1249875,
            "I1 Hit Rate": 0.618916,
            "L1 Hit Rate": 0.9797261,
            "L2 Hit Rate": 0.94210315,
            "L3 Hit Rate": 0.39230037
        },
        "None": {
            "Micro Ops IPC": 2.2162875,
            "CISC IPC": 1.1323124999999998,
            "I1 Hit Rate": 0.6210674,
            "L1 Hit Rate": 0.97989166,
            "L2 Hit Rate": 0.942359,
            "L3 Hit Rate": 0.35469055
        }
    },
    "blender_8": {
        "Simple": {
            "Micro Ops IPC": 1.0857875,
            "CISC IPC": 0.6359999999999999,
            "I1 Hit Rate": 0.58094096,
            "L1 Hit Rate": 0.9428488,
            "L2 Hit Rate": 0.961477,
            "L3 Hit Rate": 0.39184028
        },
        "Power4": {
            "Micro Ops IPC": 1.078325,
            "CISC IPC": 0.6326875,
            "I1 Hit Rate": 0.5802708,
            "L1 Hit Rate": 0.9432355,
            "L2 Hit Rate": 0.9619809,
            "L3 Hit Rate": 0.39848977
        },
        "Bingo": {
            "Micro Ops IPC": 1.0701625000000001,
            "CISC IPC": 0.6282375,
            "I1 Hit Rate": 0.5799626,
            "L1 Hit Rate": 0.94413346,
            "L2 Hit Rate": 0.96230805,
            "L3 Hit Rate": 0.39658552
        },
        "None": {
            "Micro Ops IPC": 1.13645,
            "CISC IPC": 0.6664375000000001,
            "I1 Hit Rate": 0.5803024,
            "L1 Hit Rate": 0.94395524,
            "L2 Hit Rate": 0.9626994,
            "L3 Hit Rate": 0.30421767
        }
    },
    "gimp_8": {
        "Simple": {
            "Micro Ops IPC": 0.7349875000000001,
            "CISC IPC": 0.4006625,
            "I1 Hit Rate": 0.8244643,
            "L1 Hit Rate": 0.80492514,
            "L2 Hit Rate": 0.88793135,
            "L3 Hit Rate": 0.32862502
        },
        "Power4": {
            "Micro Ops IPC": 0.7409749999999999,
            "CISC IPC": 0.40415,
            "I1 Hit Rate": 0.82438207,
            "L1 Hit Rate": 0.7972997,
            "L2 Hit Rate": 0.8875417,
            "L3 Hit Rate": 0.38226998
        },
        "Bingo": {
            "Micro Ops IPC": 0.6243,
            "CISC IPC": 0.3414375,
            "I1 Hit Rate": 0.8600715,
            "L1 Hit Rate": 0.8277631,
            "L2 Hit Rate": 0.89464223,
            "L3 Hit Rate": 0.27696544
        },
        "None": {
            "Micro Ops IPC": 0.8854124999999999,
            "CISC IPC": 0.4831875,
            "I1 Hit Rate": 0.81427747,
            "L1 Hit Rate": 0.7965378,
            "L2 Hit Rate": 0.88512415,
            "L3 Hit Rate": 0.22165307
        }
    },
    "numenta-nab_8": {
        "Simple": {
            "Micro Ops IPC": 0.9514750000000001,
            "CISC IPC": 0.5268875000000001,
            "I1 Hit Rate": 0.6251376,
            "L1 Hit Rate": 0.91590416,
            "L2 Hit Rate": 0.93655306,
            "L3 Hit Rate": 0.5132312
        },
        "Power4": {
            "Micro Ops IPC": 0.9677249999999998,
            "CISC IPC": 0.5360625,
            "I1 Hit Rate": 0.6246607,
            "L1 Hit Rate": 0.91530275,
            "L2 Hit Rate": 0.9371742,
            "L3 Hit Rate": 0.52632755
        },
        "Bingo": {
            "Micro Ops IPC": 1.01475,
            "CISC IPC": 0.5620750000000001,
            "I1 Hit Rate": 0.62400746,
            "L1 Hit Rate": 0.9153543,
            "L2 Hit Rate": 0.9374066,
            "L3 Hit Rate": 0.5120445
        },
        "None": {
            "Micro Ops IPC": 1.1081375,
            "CISC IPC": 0.613425,
            "I1 Hit Rate": 0.6259381,
            "L1 Hit Rate": 0.9158453,
            "L2 Hit Rate": 0.9370359,
            "L3 Hit Rate": 0.44616637
        }
    },
    "compress-7zip_8": {},
    "mcf": {
        "Simple": {
            "Micro Ops IPC": 1.5921,
            "CISC IPC": 0.0,
            "I1 Hit Rate": 0.60306245,
            "L1 Hit Rate": 0.8420141,
            "L2 Hit Rate": 0.9323915,
            "L3 Hit Rate": 0.13375783
        },
        "Power4": {
            "Micro Ops IPC": 1.593,
            "CISC IPC": 0.0,
            "I1 Hit Rate": 0.5934195,
            "L1 Hit Rate": 0.84211504,
            "L2 Hit Rate": 0.9322841,
            "L3 Hit Rate": 0.3353733
        },
        "Bingo": {
            "Micro Ops IPC": 1.5664,
            "CISC IPC": 0.0,
            "I1 Hit Rate": 0.6063455,
            "L1 Hit Rate": 0.84216803,
            "L2 Hit Rate": 0.93291104,
            "L3 Hit Rate": 0.4170212
        },
        "None": {
            "Micro Ops IPC": 1.5677,
            "CISC IPC": 0.0,
            "I1 Hit Rate": 0.6016451,
            "L1 Hit Rate": 0.84168684,
            "L2 Hit Rate": 0.9333788,
            "L3 Hit Rate": 0.072136454
        }
    },
    "namd": {
        "Simple": {
            "Micro Ops IPC": 4.4704,
            "CISC IPC": 0.0,
            "I1 Hit Rate": 0.32456142,
            "L1 Hit Rate": 0.95048475,
            "L2 Hit Rate": 0.99578243,
            "L3 Hit Rate": 0.26083893
        },
        "Power4": {
            "Micro Ops IPC": 4.4307,
            "CISC IPC": 0.0,
            "I1 Hit Rate": 0.38070175,
            "L1 Hit Rate": 0.9505618,
            "L2 Hit Rate": 0.9958609,
            "L3 Hit Rate": 0.2836521
        },
        "Bingo": {
            "Micro Ops IPC": 4.4045,
            "CISC IPC": 0.0,
            "I1 Hit Rate": 0.36491227,
            "L1 Hit Rate": 0.9501733,
            "L2 Hit Rate": 0.9959301,
            "L3 Hit Rate": 0.1887324
        },
        "None": {
            "Micro Ops IPC": 4.3207,
            "CISC IPC": 0.0,
            "I1 Hit Rate": 0.36491227,
            "L1 Hit Rate": 0.95049524,
            "L2 Hit Rate": 0.9959454,
            "L3 Hit Rate": 0.003581662
        }
    },
    "gcc": {
        "Simple": {
            "Micro Ops IPC": 1.6103,
            "CISC IPC": 0.0,
            "I1 Hit Rate": 0.80589855,
            "L1 Hit Rate": 0.9471608,
            "L2 Hit Rate": 0.97913694,
            "L3 Hit Rate": 0.18965389
        },
        "Power4": {
            "Micro Ops IPC": 1.5619,
            "CISC IPC": 0.0,
            "I1 Hit Rate": 0.80658895,
            "L1 Hit Rate": 0.9475346,
            "L2 Hit Rate": 0.97933966,
            "L3 Hit Rate": 0.18847074
        },
        "Bingo": {
            "Micro Ops IPC": 1.6015,
            "CISC IPC": 0.0,
            "I1 Hit Rate": 0.80616105,
            "L1 Hit Rate": 0.9472708,
            "L2 Hit Rate": 0.9792874,
            "L3 Hit Rate": 0.23822777
        },
        "None": {
            "Micro Ops IPC": 1.5374,
            "CISC IPC": 0.0,
            "I1 Hit Rate": 0.8055707,
            "L1 Hit Rate": 0.947085,
            "L2 Hit Rate": 0.9793524,
            "L3 Hit Rate": 0.006997216
        }
    },
    "xalancbmk": {
        "Simple": {
            "Micro Ops IPC": 0.4867,
            "CISC IPC": 0.0,
            "I1 Hit Rate": 0.14925373,
            "L1 Hit Rate": 0.7267471,
            "L2 Hit Rate": 0.39715025,
            "L3 Hit Rate": 0.16897577
        },
        "Power4": {
            "Micro Ops IPC": 0.4079,
            "CISC IPC": 0.0,
            "I1 Hit Rate": 0.18656716,
            "L1 Hit Rate": 0.72648364,
            "L2 Hit Rate": 0.4127256,
            "L3 Hit Rate": 0.21039356
        },
        "Bingo": {
            "Micro Ops IPC": 0.5511,